ahmednagar,Maharashtra
andheri east,Maharashtra
andhra pradesh,Andhra Pradesh
andhrapradesh other,Andhra Pradesh
andhra,Andhra Pradesh
angul,Orrissa
banglore,Karnataka
ankleshwar,Gujarat
ashoknagar,Madhya Pradesh
balasore,Orrissa
banaras,Uttar Pradesh
sikkim,Sikkim
bandra,Maharashtra
bangalore east,Karnataka
bangaluru,Karnataka
banur,Punjab
punjab,Punjab
bengaluru,Karnataka
bhagalpur,Bihar
bhandup west,Maharashtra
bhilai,Chandigarh
bhilai-durg,Chandigarh
bhojpur,Bihar
bhubaneshwar,Odisha
bina,Madhya Pradesh
burdwan,West Bengal
chattisgarh,Chandigarh
cheeriyal,Andhra Pradesh
chennai city,Tamil Nadu
chennai pondichery,Tamil Nadu
chennai tirchy,Tamil Nadu
chennai villupuram,Tamil Nadu
coimbatore tirchy,Tamil Nadu
coimbatore trichy,Tamil Nadu
dadra and nagar haveli,Gujarat
dahej,Gujarat
davangere,Karnataka
delhi,Delhi
delhi ncr,Delhi
detroj,Gujarat
dharwad,Karnataka
dombivli,Maharashtra
ernakulam,Kerala
firozpur,Punjab
gandginagar,Gujarat
goregoan east,Maharashtra
gujarat other,Gujarat
gurugram,Haryana
haldwani,Uttarakhand
haridwar,Uttarakhand
harohalli,Karnataka
haryana other,Haryana
himayatnagar,Andhra Pradesh
himmatnagar,Gujarat
howrah,West Bengal
hubli,Karnataka
jajjhar,Jajjhar
kala,Punjab
kalpakkam,Tamil Nadu
karnataka other,Karnataka
karnatka,Karnataka
katni,Madhya Pradesh
kerala other,Kerala
kolha,Maharashtra
kormangal,Karnataka
kundain,West Bengal
kurla,Maharashtra
kurukshetra,Haryana
lakshadweep,Lakshadweep
lower parel,Maharashtra
madhyapradesh other,Madhya Pradesh
madurai trichy,Tamil Nadu
mahabubnagar,Andhra Pradesh
malda,West Bengal
manesar,Delhi
mehsana,Gujarat
mohali,Punjab
mount abu,Rajasthan
rajasthan,Rajasthan
mount road,Rajasthan
mulund mumbai,Maharashtra
mumbai,Maharashtra
mumbai suburbs,Maharashtra
nagercoil thuthukudi,Tamil Nadu
nanded,Maharashtra
narhe,Maharashtra
navapur,Maharashtra
navi mumbai,Maharashtra
neemrana,Rajasthan
new delhi,Delhi
new delhi-,Delhi
ooty,Tamil Nadu
jharkhand,Jharkhand
oragadam,Tamil Nadu
palam,Delhi
panchkula,Haryana
panjim,Goa
port blair,Andaman and Nicobar Islands
puducherry,Puducherry
pune-chinchwad,Maharashtra
punjab other,Punjab
purulia,West Bengal
raigad,Maharashtra
rakhial,Gujarat
ropar,Punjab
rourkela,Odisha
sahibabad,Uttar Pradesh
salem trichy,Tamil Nadu
sales bangaluru,Karnataka
santacruz,Maharashtra
sonepat,Haryana
south mumbai,Maharashtra
surendranagar,Gujarat
tamil nadu,Tamil Nadu
tamilnadu,Tamil Nadu
tamilnadu other,Tamil Nadu
telangana,Andhra Pradesh
thiruvananthapuram,Kerala
tirupur,Tamil Nadu
training bangaluru,Karnataka
trichy,Tamil Nadu
tuticorin,Tamil Nadu
up,Uttar Pradesh
uttar pradesh,Uttar Pradesh
uttarakhand,Uttarakhand
uttaranchal other,Uttarakhand
uttarpradesh other,Uttar Pradesh
vasco da gama,Goa
vashi,Maharashtra
vellore trichy,Tamil Nadu
vishakhapatnam,Andhra Pradesh
vizag,Andhra Pradesh
wadgaon maval,Maharashtra
west bengal,West Bengal
west delhi,Delhi
westbengal other,West Bengal
xc2 xa0 banglore,Karnataka
maharashtra,Maharashtra
gujarat,Gujarat
goa,Goa
karnataka,Karnataka
kerala,Kerala
orissa,Odisha
kanchipuram,Tamil Nadu
kalyan,Karnataka
